matid,N2-77-100000,Ar-87-1
ULEPIM_clean,72.0737,62.2915
HULCOI_clean,832.939,38.7294
XISDOU_clean,308.312,251.247
MALRUP_clean,730.736,18.1316
NOKPEJ_clean,135.566,70.4378
OCILEU_clean,165.145,130.545
VUPFIX_clean,46.5384,25.2284
WAKSOT_clean,43.6167,34.7079
ODEKAL_clean,36.6245,36.1922
KUVMIZ_clean,,18.8684
MUHNAG_clean,117.962,86.1327
POHLOP_clean,113.167,65.2528
WEDWUZ_clean,35.7215,27.3333
IXAKAU_clean,535.976,112.984
MOLRIP_clean,88.1121,33.2254
